id,objet,montant,categorie,procedure,offres_recues,acheteur_nom,titulaire_siret,date,prix_ref_moyen,prix_ref_max,unites_estimees_prix_moyen,unites_estimees_prix_max,suspicion_score,raisons_alerte
23020200,Achat de véhicules de service urbains écologiques,99500.0,vehicules,Marché passé sans publicité ni mise en concurrence,1.0,,88750249000014,2023-12-26,30000,120000,3,1,4,Sans mise en concurrence | Fournisseur unique (1.0 offre)
2023000000032500,ASSIST MAINT PRESTAT ACHAT MODULES PROGICIELS SOLIS SOLATIS,1500000.0,logiciels,Marché négocié sans publicité ni mise en concurren,,,38251931200088,2023-12-20,500,10000,3000,150,3,"Sans mise en concurrence | Montant eleve (1,500,000 > seuil 500,000)"
2023200700,"Maintenances, acquisitions, évolutions et prestations associées relatives aux progiciels de gestion des ressources humaines",600000.0,logiciels,Marché négocié sans publicité ni mise en concurren,,,34054699300668,2023-12-06,500,10000,1200,60,3,"Sans mise en concurrence | Montant eleve (600,000 > seuil 500,000)"
202324502CA00,ACQUISITION 6 AUTOBUS SAFRA HYCITY 12 M,4524215.36,vehicules,Marché négocié sans publicité ni mise en concurren,,,77605646700587,2023-12-19,30000,120000,151,38,2,Sans mise en concurrence
249931955,Contrat d'entretien des installations des résidences du patrimoine de Brive Habitat: Lot 05: chauffage individuel ventilation,1183720.0,chauffage_clim,Appel d'offres ouvert,1.0,,40970727000032,2023-12-12,15000,100000,79,12,2,Fournisseur unique (1.0 offre)
2023147 FS00,Pièces véhicules lourds,600000.0,vehicules,Marché négocié sans publicité ni mise en concurren,,,89129465400068,2023-12-15,30000,120000,20,5,2,Sans mise en concurrence
202322N0864-0000,FF - MAINTENANCE DU LOGICIEL MUNICIPOL POUR LA GESTION DE LA POLICE MUNICIPALE ET MODULES ASSOCIES,400000.0,logiciels,Marché négocié sans publicité ni mise en concurren,,,48125959600023,2023-12-12,500,10000,800,40,2,Sans mise en concurrence
2024A60800,Marché de concession des droits d'utilisation d'une licence site pour les logiciels ESRI et prestations associées,350150.0,logiciels,Marché négocié sans publicité ni mise en concurren,,,34849974000028,2023-12-27,500,10000,700,35,2,Sans mise en concurrence
243197,"Maintenance des réseaux et des installations de fluides médicaux, mise à disposition et acquisition de groupes de vide: Lots 03 et 04",221127.0,reseau,Marché passé sans publicité ni mise en concurrence,4.0,,38188680300042,2023-12-20,2000,20000,111,11,2,Sans mise en concurrence
2024000023SF0400,GSI - ACQUISITION MAINTENANCE PRESTATIONS ET EVOLUTIONS AUTOUR DE GIMA OFFICE SUITE ET GIMA DIGITAL SUITE,220000.0,logiciels,Marché négocié sans publicité ni mise en concurren,,,34054699300668,2023-12-15,500,10000,440,22,2,Sans mise en concurrence
20232023F0005200,"Fourniture et maintenance d'autorisations d'usage et de déploiement de licences logiciels SIG (Système d'Information Géographique), pour les besoins b",201793.0,logiciels,Marché passé sans publicité ni mise en concurrence,,,34849974000028,2023-12-08,500,10000,404,20,2,Sans mise en concurrence
20232023T450000,PROGICIEL ORPHÉE DE GESTION DU RESEAU DES MEDIATHEQUES,180000.0,logiciels,Marché négocié sans publicité ni mise en concurren,,,35384941700111,2023-12-21,500,10000,360,18,2,Sans mise en concurrence
2498902610,Travaux de construction d'une bibliothèque communale à Thoiry: Lot 10: Chauffage - Ventilation - Plomberie - Sanitaire,156593.0,chauffage_clim,Procédure adaptée,1.0,,78939650400019,2023-12-13,15000,100000,10,2,2,Fournisseur unique (1.0 offre)
241007587,Surveillance et maintenance de réseaux gpl2024-2027,130000.0,reseau,Procédure adaptée,1.0,,33487372602318,2023-12-07,2000,20000,65,6,2,Fournisseur unique (1.0 offre)
2024LOGINF-00100,MAINTENANCE LOGICIELS BERGER LEVRAULT,100000.0,logiciels,Marché négocié sans publicité ni mise en concurren,,,75580064600209,2023-12-03,500,10000,200,10,2,Sans mise en concurrence
2023080000,CGA Acquisition et maintenance de tablette de communication à commande oculaire,99999.0,tablettes,Marché négocié sans publicité ni mise en concurren,,,83914375700012,2023-12-19,600,1500,167,67,2,Sans mise en concurrence
2023M11800,"UTILISATION, MAINTENANCE ET ASSISTANCE DU LOGICIEL ADEQUACY CORPORATE",96656.0,logiciels,Marché négocié sans publicité ni mise en concurren,,,44811688900024,2023-12-27,500,10000,193,10,2,Sans mise en concurrence
2023168800,Prestations de support et suivi logiciel TRAUMACAD,94049.6,logiciels,Marché négocié sans publicité ni mise en concurren,,,53529682600014,2023-11-29,500,10000,188,9,2,Sans mise en concurrence
2023M11600,LOGICIEL PRINEO- MAINTENANCE ET ACHAT DE MODULES ET PRESTATIONS COMPLEMENTAIRES,91751.6,logiciels,Marché négocié sans publicité ni mise en concurren,,,41177545500040,2023-12-26,500,10000,184,9,2,Sans mise en concurrence
2023S0375MMNOC00,MAINTENANCE DU LOGICIEL DE GESTION DE L INFORMATION DU LABORATOIRE,90000.0,logiciels,Marché négocié sans publicité ni mise en concurren,,,79440613200017,2023-12-20,500,10000,180,9,2,Sans mise en concurrence
202318LC100,TRAVAUX RESEAU EAU POTABLE JARDINS FAMILIAUX,74982.0,mobilier_bureau,Marché négocié sans publicité ni mise en concurren,,,84066182100016,2023-12-05,400,2000,187,37,2,Sans mise en concurrence
202309_23L0900,Lot 09 - Viande de volaille fraiche,72000.0,alimentaire_restauration,Marché négocié sans publicité ni mise en concurren,,,44133059400017,2023-12-21,8,20,9000,3600,2,Sans mise en concurrence
202309_23L1000,Lot 10 - viande de volaille fraiche,68000.0,alimentaire_restauration,Marché négocié sans publicité ni mise en concurren,,,44133059400017,2023-11-28,8,20,8500,3400,2,Sans mise en concurrence
2024M4B0033DG00,"Location, mise en place et exploitation de matériel de sonorisation et d'éclairage",66888.8,eclairage,Marché négocié sans publicité ni mise en concurren,,,88495456100012,2023-12-06,100,1000,669,67,2,Sans mise en concurrence
2023015300,Location 5 véhicules électriques NHN,63611.0,vehicules,Marché passé sans publicité ni mise en concurrence,,,32989236800021,2023-12-11,30000,120000,2,1,2,Sans mise en concurrence
249983073,Acquisition de 5 véhicules pour les besoins de la CIVIS.: Lot 3: Acquisition d'automobiles de segment B électriques,58341.0,telephonie,Procédure adaptée,1.0,,47967345100023,2023-12-21,500,5000,117,12,2,Fournisseur unique (1.0 offre)
2023I84700,TRAVAUX DE PEINTURE ET TRAITEMENT DES FACADES POUR REHABILITATION DE LA MEDIATHEQUE,57130.0,materiel_construction,Marché négocié sans publicité ni mise en concurren,,,44780675300011,2023-12-19,500,10000,114,6,2,Sans mise en concurrence
202309_23L0800,Lot 08 - Viande porcine fraiche,52000.0,alimentaire_restauration,Marché négocié sans publicité ni mise en concurren,,,44133059400017,2023-11-28,8,20,6500,2600,2,Sans mise en concurrence
24988440,Entretien et maintenance (P2) des systèmes individuels de chauffage et production d'eau chaude sanitaire de 30 groupes du Patrimoine de MEDUANE HABITA,50700.0,chauffage_clim,Procédure adaptée,1.0,,30134058406761,2023-12-06,15000,100000,3,1,2,Fournisseur unique (1.0 offre)
20235500,"Location, installation et maintenance copieur GS 4",40000.0,imprimantes,Marché négocié sans publicité ni mise en concurren,,,63201751303320,2023-12-27,800,5000,50,8,2,Sans mise en concurrence
202323071_500,Maintenance des logiciels de gestion de l'urbanisme - Formations et interventions,40000.0,logiciels,Marché négocié sans publicité ni mise en concurren,,,34054699300668,2023-12-13,500,10000,80,4,2,Sans mise en concurrence
2023M23030500,LOT 3 - FAMILLE CONTACT ALIMENTAIRE - PRODUITS ENTRETIEN ET MATERIELS RESTAURANTS,40000.0,alimentaire_restauration,Marché négocié sans publicité ni mise en concurren,,,32365068900017,2023-12-12,8,20,5000,2000,2,Sans mise en concurrence
2024C3N10300AU00,ACQUISITION MAINTENANCE LOGICIEL ECONCEPT,40000.0,logiciels,Marché négocié sans publicité ni mise en concurren,,,48425506200016,2023-11-30,500,10000,80,4,2,Sans mise en concurrence
20232305500,FOURNITURE DE MOBILIER ET MATERIEL DE BUREAU ERGONOMIQUES POUR TRAVAILLEUR EN SITUATION DE HANDICAP ET/OU DE RESTRICTION TEMPORAIRE D&#8217;APTITUDE,30000.0,mobilier_bureau,Marché négocié sans publicité ni mise en concurren,,,81823826300011,2023-12-21,400,2000,75,15,2,Sans mise en concurrence
