siren,siret,nom,nature_juridique,activite_principale,libelle_activite,tranche_effectifs,date_creation,adresse,commune,departement,nombre_etablissements,est_association,est_ess,nb_marches,total_marches_eur,marches_sans_concurrence
556150175,55615017500280,PIGEON TP LOIRE ANJOU,5710,42.11Z,,32,1961-01-01,L'AUBINIERE RTE DE CRAON 53800 RENAZE,RENAZE,53,25,False,False,3,258615353.0,0
329338883,32933888301136,COLAS FRANCE,5710,42.11Z,,53,1984-01-01,1 RUE DU COLONEL PIERRE AVIA 75015 PARIS,PARIS,75,564,False,False,2,258229429.0,0
447754086,44775408600018,GUINTOLI,5710,43.12B,,51,2003-03-14,D'ACTIVITES DE LAURADE 13103 SAINT-ETIENNE-DU-GRES,SAINT-ETIENNE-DU-GRES,13,39,False,False,3,258186990.8,0
412397234,41239723400029,EUROVIA ATLANTIQUE,5710,42.11Z,,41,1997-05-30,20 RUE DE BEL AIR 44470 CARQUEFOU,CARQUEFOU,44,29,False,False,2,258099000.0,0
442395448,44239544800057,TOTALENERGIES ELECTRICITE ET GAZ FRANCE,5599,35.14Z,,41,2002-06-01,2 B RUE LOUIS ARMAND 75015 PARIS,PARIS,75,10,False,False,20,183863852.93,0
529040677,52904067700567,ERYMA SAS,5710,80.20Z,,41,2010-12-07,143 AVENUE DE VERDUN 92130 ISSY-LES-MOULINEAUX,ISSY-LES-MOULINEAUX,92,79,False,False,2,150000000.0,0
435106307,43510630700034,GREINER BIO ONE SAS,5710,46.69B,,12,2001-03-20,3 A 7 3 AVENUE DU CAP-HORN 91940 LES ULIS,LES ULIS,91,3,False,False,3,134856000.0,0
814598785,81459878500024,TRANSDEV NIORT AGGLOMERATION,5710,49.31Z,,22,2015-10-26,41 RUE BLAISE PASCAL 79000 NIORT,NIORT,79,3,False,False,1,133889875.0,0
419683818,41968381800027,IVECO FRANCE,5710,29.10Z,,42,1998-07-23,PORTE E 1 RUE DES COMBATS DU 24 AOUT 44 69200 VENISSIEUX,VENISSIEUX,69,29,False,False,1,120000000.0,1
484170832,48417083200022,DOMISERVE,5710,66.19B,,21,2005-09-05,106 AVENUE MARX DORMOY 92120 MONTROUGE,MONTROUGE,92,3,False,False,1,112000000.0,0
582118675,58211867500054,ALLOGA FRANCE,5710,46.46Z,,41,1958-01-01,40 BOULEVARD DE DUNKERQUE 13002 MARSEILLE,MARSEILLE,13,14,False,False,4,111503618.92999999,0
789740768,78974076800013,VOLTERRES,5710,35.13Z,,12,2012-12-03,36 RUE BRUNEL 75017 PARIS,PARIS,75,4,False,False,3,98607920.0,0
775664873,77566487304147,BOUYGUES ENERGIES & SERVICES (BOUYGUES ENERGIES & SERVICES),5710,43.21A,,51,1900-01-01,1 AVENUE EUGENE FREYSSINET 78280 GUYANCOURT,GUYANCOURT,78,425,False,False,10,89325531.52999999,0
410303481,41030348100304,GENERIS,5710,38.21Z,,31,1996-12-16,IMMEUBLE DUFY 1 1 PLACE DE TURENNE 94410 SAINT-MAURICE,SAINT-MAURICE,94,36,False,False,2,84863892.56,0
316807015,31680701501340,SYSCO FRANCE SAS,5710,46.39B,,51,1979-01-01,MIN DE RUNGIS BATIMENT A1 RPT DES ROSES 94550 CHEVILLY LARUE,CHEVILLY LARUE,94,137,False,False,49,84755714.88,0
340670777,34067077700044,SOCIETE D'EXPLOITATION DISVAL ET DS RHONE-ALPES (DISVAL) (DISVAL DS RHONE-ALPE),5710,46.39A,,32,1987-01-01,47 RUE DU CLOS RENARD 45110 CHATEAUNEUF-SUR-LOIRE,CHATEAUNEUF-SUR-LOIRE,45,4,False,False,6,82261187.3,0
397767831,39776783100811,SOGETREL,5710,42.22Z,,51,1994-06-01,143 AVENUE DE VERDUN 92130 ISSY-LES-MOULINEAUX,ISSY-LES-MOULINEAUX,92,285,False,False,1,75000000.0,0
501241624,50124162400045,NGE ENERGIES SOLUTIONS,5710,42.22Z,,41,2007-11-11,PARC D'ACTIVITES DE LAURADE 13103 SAINT-ETIENNE-DU-GRES,SAINT-ETIENNE-DU-GRES,13,43,False,False,1,75000000.0,0
350050589,35005058900240,SEPUR,5710,38.11Z,,51,1988-12-20,ZA DU PONT CAILLOUX RTE DES NOURRICES 78850 THIVERVAL-GRIGNON,THIVERVAL-GRIGNON,78,66,False,False,7,70632710.18,0
385006234,38500623400137,PRO A PRO,5710,70.10Z,,51,1992-03-26,1419 AVENUE D'ITALIE 82000 MONTAUBAN,MONTAUBAN,82,49,False,False,2,62885433.980000004,0
833817224,83381722400029,SMACL ASSURANCES SA,5599,65.12Z,,41,2017-11-28,141 AVENUE SALVADOR ALLENDE 79000 NIORT,NIORT,79,4,False,False,195,55681420.56999999,18
449586544,44958654400016,AXIONE,5710,61.90Z,,51,2003-07-15,152 AVENUE PIERRE BROSSOLETTE 92240 MALAKOFF,MALAKOFF,92,107,False,False,5,55016091.08,0
439099656,43909965600142,FREE PRO (JAGUAR NETWORK) (FP),5710,61.10Z,,32,2001-09-04,3 RUE PAUL BRUTUS 13015 MARSEILLE,MARSEILLE,13,18,False,False,1,55000000.0,0
381818558,38181855800060,LHOTELLIER TRAVAUX PUBLICS,5710,42.11Z,,41,1991-02-25,ZONE INDUSTRIELLE RUE DU MANOIR 76340 BLANGY-SUR-BRESLE,BLANGY-SUR-BRESLE,76,18,False,False,3,48000000.0,0
398762211,39876221100298,EIFFAGE ROUTE GRAND SUD,5710,70.10Z,,51,1994-10-20,360 RUE LOUIS DE BROGLIE 13290 AIX-EN-PROVENCE,AIX-EN-PROVENCE,13,63,False,False,4,44000000.0,0
834073348,83407334800015,EFFIVERT,5710,81.30Z,,22,2017-12-01,ZA DE L ABBAYE III 2 RUE PIERRE ET MARIE CURIE 44160 PONTCHATEAU,PONTCHATEAU,44,7,False,False,1,42000000.0,0
456500537,45650053706585,DALKIA,5599,35.30Z,,53,1956-01-01,PANORAMA 204 RUE SADI CARNOT 59350 SAINT-ANDRE-LEZ-LILLE,SAINT-ANDRE-LEZ-LILLE,59,651,False,False,9,41901107.21,1
304317357,30431735700172,BAXTER S.A.S,5710,46.46Z,,32,1975-01-01,IMMEUBLE BERLIOZ 4 B RUE DE LA REDOUTE 78280 GUYANCOURT,GUYANCOURT,78,15,False,False,3,41878644.99,0
642044366,64204436600242,UP COOP (CCR),5558,66.19B,,41,1964-01-01,9-11 9 BOULEVARD LOUISE MICHEL 92230 GENNEVILLIERS,GENNEVILLIERS,92,24,False,True,23,40281811.0,1
482883626,48288362600020,UTOPIA EVENEMENTIEL (UE),6220,18.12Z,,NN,2005-06-15,130 RUE BASSE 14000 CAEN,CAEN,14,2,False,False,1,40000000.0,0
378487821,37848782100027,VAL SERVICES,5560,94.99Z,,22,1990-04-17,12 RUE DES CLOSEAUX 78200 MANTES-LA-JOLIE,MANTES-LA-JOLIE,78,3,False,True,5,38710126.24,0
321502049,32150204900240,VERSPIEREN,5599,66.22Z,,42,1981-01-01,1 AVENUE FRANCOIS MITTERRAND 59290 WASQUEHAL,WASQUEHAL,59,30,False,True,2,36475953.0,0
571722669,57172266900264,LYRECO FRANCE,5710,46.49Z,,51,1957-01-01,RUE ALPHONSE TERROIR 59770 MARLY,MARLY,59,34,False,False,17,36088331.64,0
404163941,40416394100044,EUROVIA PAS DE CALAIS,5710,42.11Z,,32,1996-03-07,4 RUE MONTAIGNE 62670 MAZINGARBE,MAZINGARBE,62,15,False,False,1,36000000.0,0
410034607,41003460702587,SUEZ EAU FRANCE,5710,36.00Z,,52,1996-11-21,ALTIPLANO 4 PLACE DE LA PYRAMIDE 92800 PUTEAUX,PUTEAUX,92,437,False,False,3,35340199.839999996,0
410034607,41003460703528,SUEZ EAU FRANCE,5710,36.00Z,,52,1996-11-21,ALTIPLANO 4 PLACE DE LA PYRAMIDE 92800 PUTEAUX,PUTEAUX,92,437,False,False,3,35340199.839999996,0
339379984,33937998405314,SAUR,5710,36.00Z,,52,1986-10-28,11 CHEMIN DE BRETAGNE 92130 ISSY-LES-MOULINEAUX,ISSY-LES-MOULINEAUX,92,679,False,False,5,31742109.59,0
316807015,31680701500656,SYSCO FRANCE SAS,5710,46.39B,,51,1979-01-01,MIN DE RUNGIS BATIMENT A1 RPT DES ROSES 94550 CHEVILLY LARUE,CHEVILLY LARUE,94,137,False,False,1,30376511.96,0
391350568,39135056800013,B.R.L. EXPLOITATION (BRLE),5599,36.00Z,,32,1993-08-12,SERV RESSOURCES HUMAINES 1105 AVENUE PIERRE MENDES FRANCE 30000 NIMES,NIMES,30,18,False,False,1,29816072.8,0
330440983,33044098300055,OVOL FRANCE (OVOL),5710,46.76Z,,22,1984-07-23,VILLABE 11 RUE DE LA NACELLE 91813 CORBEIL-ESSONNES,CORBEIL-ESSONNES,91,21,False,False,15,29377559.0,0
776056467,77605646700587,UNION DES GROUPEMENTS D'ACHATS PUBLICS (UGAP) (UGAP),4110,46.19A,,42,1900-01-01,1 BOULEVARD ARCHIMEDE 77420 CHAMPS-SUR-MARNE,CHAMPS-SUR-MARNE,77,85,False,False,12,29372830.509999998,3
339379984,33937998405975,SAUR,5710,36.00Z,,52,1986-10-28,11 CHEMIN DE BRETAGNE 92130 ISSY-LES-MOULINEAUX,ISSY-LES-MOULINEAUX,92,679,False,False,11,27992194.0,0
434085395,43408539500029,SPIE CITYNETWORKS,5710,42.22Z,,51,2000-11-30,TSA 20028 ST OUEN SUR SEINE 93484 ST OUEN CEDEX 6 RUE FRUCTIDOR 93400 SAINT-OUEN-SUR-SEINE,SAINT-OUEN-SUR-SEINE,93,96,False,False,8,27003969.900000002,0
259300325,25930032500018,TABLES COMMUNES,7353,56.29B,,31,1993-06-16,68 RUE GALLIENI 93000 BOBIGNY,BOBIGNY,93,3,False,False,1,26000000.0,1
552046955,55204695502544,ENGIE ENERGIE SERVICES (ENGIE E.S.),5599,35.30Z,,53,1955-01-01,67 RUE JULES FERRY 92250 LA GARENNE-COLOMBES,LA GARENNE-COLOMBES,92,1234,False,False,1,24672240.0,0
662025196,66202519660347,ELIOR RESTAURATION FRANCE (ELIOR RESTAURATION ENSEIGNEMENT - ELIOR RESTAURATION SANTE),5710,56.29B,,53,1966-01-01,51 CHEMIN DES MECHES 94000 CRETEIL,CRETEIL,94,7136,False,False,6,24599707.11,0
329892368,32989236800021,DIAC LOCATION (MOBILIZE FINANCIAL SERVICES),5599,77.11B,,NN,1984-05-21,14 AVENUE DU PAVE NEUF 93160 NOISY-LE-GRAND,NOISY-LE-GRAND,93,59,False,False,2,6063611.0,1
340546993,34054699300668,NEXPUBLICA FRANCE (NEXPUBLICA),5710,62.02B,,42,1987-01-16,IMMEUBLE CONCEPT 4 RUE MOZART 92110 CLICHY,CLICHY,92,66,False,False,14,4886496.0,10
409707270,40970727000032,DELCAMBRE,5710,43.22B,,12,1996-11-01,CHEZ CHERRAUD RTE DE JUILLAC 19230 SAINT-SORNIN-LAVOLPS,SAINT-SORNIN-LAVOLPS,19,3,False,False,2,2449768.0,0
382519312,38251931200088,ARCHE MC2 (MOBISERV : CITYZEN : MEDISYS),5710,58.29C,,32,1991-06-01,DOMAINE DE LA PARADE 1600 ROUTE DES MILLES 13100 AIX-EN-PROVENCE,AIX-EN-PROVENCE,13,22,False,False,4,1794659.28,3
348499740,34849974000028,ESRI FRANCE,5599,58.29C,,32,1988-10-20,21 RUE DES CAPUCINS 92190 MEUDON,MEUDON,92,11,False,False,4,1521443.0,3
481259596,48125959600023,LOGITUD SOLUTIONS,5710,62.02A,,21,2005-01-20,ZAC DU PARC DES COLLINES 53 RUE VICTOR SCHOELCHER 68200 MULHOUSE,MULHOUSE,68,14,False,False,3,1237560.0,3
891294654,89129465400068,BERTHIER TRUCKS,5710,45.19Z,,22,2020-11-20,ZI DIJON NORD 21490 RUFFEY-LES-ECHIREY,RUFFEY-LES-ECHIREY,21,7,False,False,1,600000.0,1
381886803,38188680300042,RESOGAZ,5710,43.22A,,03,1991-06-01,ZA DU BIRKEN 2 RUE SOPHIE GERMAIN 67720 HŒRDT,HŒRDT,67,4,False,False,2,442254.0,1
479673451,47967345100023,AUTOMOBILES REUNION SN,5710,70.10Z,,32,2005-12-31,CO SCI BTB 11 BOULEVARD DU CHAUDRON 97490 SAINT-DENIS,SAINT-DENIS,974,24,False,False,5,360128.66,0
301340584,30134058406761,ENGIE HOME SERVICES (CGST),5710,43.22B,,51,1974-01-01,1 PLACE SAMUEL DE CHAMPLAIN 92400 COURBEVOIE,COURBEVOIE,92,670,False,False,2,268973.0,0
441330594,44133059400017,CATHIA NAIME,1000,10.13A,,NN,2002-03-14,CHEZ MR CANIQUITTE JOEL 7 RUE FELIX EBOUE 97139 LES ABYMES,LES ABYMES,971,1,False,False,4,268000.0,3
353849417,35384941700111,C3RB INFORMATIQUE (C3RB INFORMATIQUE),5710,62.02A,,21,1990-03-05,PARC D'ACTIVITES DE 163 RUE DE L’AUBRAC 12740 LA LOUBIERE,LA LOUBIERE,12,12,False,False,1,180000.0,1
789396504,78939650400019,OXALLI,5710,43.22B,,11,2012-10-29,445 RUE LOUIS ARMAND 73420 MERY,MERY,73,2,False,False,1,156593.0,0
884954561,88495456100012,TWELVE IN A BOX,5710,90.02Z,,NN,2020-06-23,ZI DU SALAISON 210 RUE TERRE DU ROY 34740 VENDARGUES,VENDARGUES,34,2,False,False,2,133777.6,1
755800646,75580064600209,BERGER LEVRAULT (BERGER LEVRAULT) (BL),5710,58.29C,,42,1955-01-01,892 RUE YVES KERMEN 92100 BOULOGNE-BILLANCOURT,BOULOGNE-BILLANCOURT,92,44,False,False,1,100000.0,1
839143757,83914375700012,CENOMY FRANCE,5710,47.74Z,,11,2018-04-23,BATIMENT G PARC DE MIRANDE 14 RUE COUBERTIN 21000 DIJON,DIJON,21,2,False,False,1,99999.0,1
448116889,44811688900024,INFHOTEP (ADEQUACY),5710,62.02A,,11,2003-04-01,6 RUE D'ANTIN 75002 PARIS,PARIS,75,2,False,False,1,96656.0,1
535296826,53529682600014,BRAINLAB SALES GMBH,3120,70.10Z,,12,2011-09-20,9 OLOF-PALME STRASSE 81829 MUNICH ALLEMAGNE,,,2,False,False,1,94049.6,1
411775455,41177545500040,DOCUMENT MEDIA SYSTEME (DOCUMENT MEDIA SYSTEME),5499,70.22Z,,03,1997-04-16,4 AV JEAN MONNET 37160 DESCARTES,DESCARTES,37,4,False,False,1,91751.6,1
794406132,79440613200017,LIMSEO,5499,58.29C,,11,2013-07-23,10 RUE DE LA REPUBLIQUE 26600 CHANOS-CURSON,CHANOS-CURSON,26,4,False,False,1,90000.0,1
840661821,84066182100016,VAL DE LOIRE SOLOGNE TRAVAUX PUBLICS (VLSTP),5710,42.21Z,,11,2018-07-01,3 RUE JOSEPH CUGNOT 37300 JOUE-LES-TOURS,JOUE-LES-TOURS,37,1,False,False,1,74982.0,1
323650689,32365068900017,STARCO,5710,46.44Z,,12,1981-12-01,ANGLE DE LA RUE GLACIERE 1 RUE STEVENSON 97420 LE PORT,LE PORT,974,2,False,False,1,40000.0,1
632017513,63201751303320,BNP PARIBAS LEASE GROUP (BPLG),5599,64.19Z,,42,1963-01-01,18 RUE BAUDIN 92300 LEVALLOIS-PERRET,LEVALLOIS-PERRET,92,318,False,False,1,40000.0,1
818238263,81823826300011,ERGOSANTE PACA,5499,46.69C,,03,2016-01-15,LE VERGER NORD 13320 BOUC-BEL-AIR,BOUC-BEL-AIR,13,1,False,False,1,30000.0,1
